epoch,loss,val_loss
0,0.0040974803268909454,0.0018112448742613196
1,0.0006562485359609127,0.002490817802026868
2,0.0005495746154338121,0.0030403300188481808
3,0.00054475839715451,0.002548252698034048
