epoch,loss,val_loss
0,0.11584975570440292,0.011930551379919052
1,0.01014650333672762,0.011404207907617092
2,0.0066796233877539635,0.012254164554178715
3,0.005802931729704142,0.011635406874120235
4,0.005471359007060528,0.012604759074747562
